N_open1,N_open2,N_open3,N_high1,N_high2,N_high3,N_low1,N_low2,N_low3,N_close1,N_close2,N_close3,N_vol1,N_vol2,N_vol3,N_rsi,N_adx
-0.024385408597748626,-0.03187019143882046,-0.01698938159011257,-0.014372726826419858,-0.02588066264888561,-0.014002232010401367,-0.030390798755626246,-0.045836119562372706,-0.026944057498586915,-0.024385408597748626,-0.029873914884538933,-0.025948797749478655,-0.2675170994704477,-0.05330913021950188,-0.18631680068378495,0.481242,0.205869
